,title,ups,id,url,comments_num,created,body,category
0,"Hey guys, just wanted to announce today is the end of the biggest debate of all time - GoodNotes VS Notability.",902,ql7tlu,https://i.redd.it/yk9hb1tpj7x71.jpg,50,1635869947.0,,
1,HEX set of bright highlighters — enjoy! (HEX codes will be also in the comments),751,jg3xzz,https://i.redd.it/kawk7s19jou51.jpg,17,1603387004.0,,
2,Where would i be without the lasso tool,709,lmclld,https://i.redd.it/fsxgjkc1o5i61.jpg,10,1613618936.0,,
3,Uhhh…that shape detection,655,lz0rjk,https://v.redd.it/efjlxzwmkel61,21,1615034330.0,,
4,After Notability’s anouncement,569,qkkp95,https://i.redd.it/xrwwqo3x41x71.jpg,26,1635792338.0,,
5,My first time doing digital notes!,544,n5yb7z,https://www.reddit.com/gallery/n5yb7z,33,1620272308.0,,
6,I tried out procreate and made 25 fun notebook covers for you all (link in comments),496,kqqa3p,https://i.redd.it/160typa1wf961.jpg,45,1609820062.0,,
7,"For the digital journaling folks out there, I made these mood emoji things for myself, but feel free to download if you need them too",475,l4q7si,https://i.redd.it/i4xolvaszhd61.jpg,25,1611588945.0,,
8,Became a fan of Cornell notes in nursing school and now I recommend it to all notetakers!,409,ksradc,https://i.redd.it/fe6uc21ka0a61.jpg,24,1610067084.0,,
9,Color Code Hex Numbers,404,k0gqj2,https://i.redd.it/ig97o9tez9161.jpg,16,1606261779.0,,
